,ride_id,seat_number,payment_method,payment_receipt,travel_date,travel_time,travel_from,travel_to,car_type,max_capacity
47,5801,1X,Mpesa,TBJMRMKQLJ,19-04-18,5:20,Kisii,Nairobi,shuttle,11
99,5838,9,Mpesa,LYMKG9DII7,17-04-18,6:30,Kisii,Nairobi,shuttle,11
141,5861,3A,Mpesa,7BMTKUMKJZ,15-04-18,19:04,Kisii,Nairobi,Bus,49
172,5868,1X,Mpesa,OMKHFVAGHD,14-04-18,5:20,Kisii,Nairobi,shuttle,11
369,6015,1,Mpesa,VUA7IXPMKP,05-04-18,5:10,Kisii,Nairobi,shuttle,11
444,6127,1B,Mpesa,MKWNS24S9N,27-03-18,7:06,Kisii,Nairobi,Bus,49
491,6188,2B,Mpesa,PBPQWRMK3D,23-03-18,8:00,Kisii,Nairobi,Bus,49
666,6302,16B,Mpesa,U4E3MKPFL3,16-03-18,7:07,Kisii,Nairobi,Bus,49
696,6330,9,Mpesa,DMKAARIPUX,16-03-18,10:30,Kisii,Nairobi,shuttle,11
754,6348,7,Mpesa,VOXSQ8OMKY,16-03-18,8:50,Kisii,Nairobi,shuttle,11
786,6352,8,Mpesa,WHS1NZMKQV,16-03-18,8:10,Kisii,Nairobi,shuttle,11
929,6327,9,Mpesa,VP4IVMK9S9,16-03-18,10:40,Kisii,Nairobi,shuttle,11
1095,6404,2,Mpesa,ZJNMI9MKYF,15-03-18,7:30,Kisii,Nairobi,shuttle,11
1138,6408,1X,Mpesa,MKNF2KD0U2,15-03-18,6:50,Kisii,Nairobi,shuttle,11
1142,6408,6,Mpesa,EJ6BTPEHMK,15-03-18,6:50,Kisii,Nairobi,shuttle,11
1209,6384,22A,Mpesa,UCMKDTBA9F,15-03-18,7:06,Kisii,Nairobi,Bus,49
1473,6522,5,Mpesa,MK1VCQJUUU,13-03-18,8:10,Kisii,Nairobi,shuttle,11
1641,6566,10,Mpesa,PMK79CLMAA,12-03-18,8:40,Kisii,Nairobi,shuttle,11
1666,6567,5,Mpesa,RMK65BW48J,12-03-18,8:30,Kisii,Nairobi,shuttle,11
1688,6569,2,Mpesa,NIKOEYJMKO,12-03-18,8:00,Kisii,Nairobi,shuttle,11
1738,6575,15B,Mpesa,FDU9SMKGK1,12-03-18,19:04,Kisii,Nairobi,Bus,49
1755,6574,6,Mpesa,PYNMKXBHIJ,04-12-17,5:00,Keroka,Nairobi,shuttle,11
1906,6613,2,Cash,NDPMKLM9BG,11-03-18,5:20,Kisii,Nairobi,shuttle,11
1982,6632,1,Mpesa,ERQUWMK1BR,11-03-18,10:52,Kisii,Nairobi,shuttle,11
2016,6598,3B,Mpesa,MDMKTXUUWJ,05-12-17,7:12,Migori,Nairobi,Bus,49
2085,6642,9,Mpesa,PHMKZNKFRO,11-03-18,9:40,Kisii,Nairobi,shuttle,11
2227,6655,11A,Mpesa,88MK4L2NE7,05-12-17,7:04,Homa Bay,Nairobi,Bus,49
2231,6618,11A,Mpesa,YMKFVDLSLD,05-12-17,7:15,Migori,Nairobi,Bus,49
2236,6661,1X,Mpesa,HMKHQEROZV,11-03-18,8:40,Kisii,Nairobi,shuttle,11
2683,6753,18B,Mpesa,EATQMK9INK,06-12-17,7:06,Kijauri,Nairobi,Bus,49
2766,6762,1X,Mpesa,MKZOPZOJWF,09-03-18,10:52,Kisii,Nairobi,shuttle,11
2826,6775,4,Mpesa,JVRJXMKUO2,09-03-18,10:40,Kisii,Nairobi,shuttle,11
2978,6800,1X,Mpesa,QWVFTGSMKD,09-03-18,8:00,Kisii,Nairobi,shuttle,11
3082,6809,1,Mpesa,KMKMSFGZAH,09-03-18,7:30,Kisii,Nairobi,shuttle,11
3107,6778,21A,Mpesa,DOKM7JMKM1,07-12-17,7:12,Migori,Nairobi,Bus,49
3129,6813,7,Mpesa,GBCGMKFWDU,09-03-18,7:00,Kisii,Nairobi,shuttle,11
3408,6806,13A,Mpesa,NLMKBO8KBZ,07-12-17,7:15,Migori,Nairobi,Bus,49
3420,6778,15A,Mpesa,RW5MKYRRJO,07-12-17,7:12,Migori,Nairobi,Bus,49
3701,6907,4,Mpesa,ELDMKHZJAS,07-03-18,10:30,Kisii,Nairobi,shuttle,11
3752,6912,5,Mpesa,ALDMWMKBRK,07-03-18,9:40,Kisii,Nairobi,shuttle,11
3768,6916,1X,Mpesa,CIUGFMK3OJ,07-03-18,9:10,Kisii,Nairobi,shuttle,11
4139,6947,1,Mpesa,C0VJIMKHE5,06-03-18,9:40,Kisii,Nairobi,shuttle,11
4389,6985,20B,Mpesa,B6SGUDHMK6,09-12-17,7:04,Rongo,Nairobi,Bus,49
4626,7036,1,Mpesa,AWUSAFJMKI,06-03-18,5:00,Kisii,Nairobi,shuttle,11
4849,7070,10,Mpesa,ZJAFPXMKMK,05-03-18,8:30,Kisii,Nairobi,shuttle,11
4953,7077,9,Mpesa,GJMK8X8VOB,05-03-18,7:30,Kisii,Nairobi,shuttle,11
4971,7077,6,Mpesa,Y6CREMRMKM,05-03-18,7:30,Kisii,Nairobi,shuttle,11
5040,7105,5,Mpesa,APYPOOMMKI,04-03-18,11:04,Kisii,Nairobi,shuttle,11
5291,7125,18A,Mpesa,PIOEZAXWMK,11-12-17,7:14,Rongo,Nairobi,Bus,49
5380,7144,7B,Mpesa,SVA4MKKMZD,11-12-17,7:15,Migori,Nairobi,Bus,49
5658,7179,5,Mpesa,PSRAWVMKCM,04-03-18,8:20,Kisii,Nairobi,shuttle,11
5679,7107,3,Mpesa,MKZFPF9OQL,04-03-18,8:00,Kisii,Nairobi,shuttle,11
5807,7220,2,Mpesa,WPHNU98MK9,02-03-18,10:53,Kisii,Nairobi,shuttle,11
5922,7237,7,Mpesa,0XQZMKCWSR,02-03-18,10:00,Kisii,Nairobi,shuttle,11
5962,7244,13B,Mpesa,0KULGYMKZC,13-12-17,7:15,Migori,Nairobi,Bus,49
6040,7250,12A,Mpesa,AOON9GMKFI,02-03-18,7:05,Kisii,Nairobi,Bus,49
6106,7259,9,Mpesa,4OCS2GRNMK,02-03-18,7:50,Kisii,Nairobi,shuttle,11
6272,7233,15B,Mpesa,CIJJOMKBIR,13-12-17,7:09,Homa Bay,Nairobi,Bus,49
6293,7291,1X,Mpesa,OMKXAKHKYG,01-03-18,8:50,Kisii,Nairobi,shuttle,11
6348,7296,10,Mpesa,ELJFWIMK0I,01-03-18,8:00,Kisii,Nairobi,shuttle,11
6513,7307,4B,Mpesa,5MKG7KRNPP,13-12-17,7:04,Homa Bay,Nairobi,Bus,49
6521,7314,16B,Mpesa,EE71GMK1BY,13-12-17,7:05,Rongo,Nairobi,Bus,49
6913,7387,6,Mpesa,UYXMKYGVSS,28-02-18,6:30,Kisii,Nairobi,shuttle,11
7090,7408,4,Mpesa,UIJSPI3MK2,27-02-18,9:10,Kisii,Nairobi,shuttle,11
7156,7424,4B,Mpesa,MK1XTRHG57,14-12-17,7:04,Homa Bay,Nairobi,Bus,49
7231,7329,5A,Mpesa,9AYMKFEF9S,14-12-17,7:12,Migori,Nairobi,Bus,49
7469,7485,2,Mpesa,XNHCXRSMK3,24-02-18,6:20,Kisii,Nairobi,shuttle,11
7584,7508,7,Mpesa,I1BMKHFRZP,23-02-18,9:50,Kisii,Nairobi,shuttle,11
7697,7463,17B,Mpesa,PLHMKBWDBF,15-12-17,7:15,Migori,Nairobi,Bus,49
7843,7536,9,Mpesa,XP3VSBOMKC,23-02-18,7:20,Kisii,Nairobi,shuttle,11
8012,7531,16B,Mpesa,MKT8CE7ALC,16-12-17,7:12,Migori,Nairobi,Bus,49
8049,7578,1X,Mpesa,M8DEMKYYRU,22-02-18,9:10,Kisii,Nairobi,shuttle,11
8175,7589,10,Mpesa,ZATKCMQMKW,22-02-18,7:20,Kisii,Nairobi,shuttle,11
8302,7614,7,Mpesa,KBKMKOQZDB,21-02-18,10:20,Kisii,Nairobi,shuttle,11
8526,7640,19B,Mpesa,IZY79GMKKI,17-12-17,7:15,Migori,Nairobi,Bus,49
8575,7563,19B,Mpesa,FCUYITB3MK,17-12-17,7:09,Homa Bay,Nairobi,Bus,49
8609,7640,10A,Mpesa,ZMKITPHVBT,17-12-17,7:15,Migori,Nairobi,Bus,49
8766,7675,10,Mpesa,MKENM3UIN8,20-02-18,8:40,Kisii,Nairobi,shuttle,11
9042,7656,24B,Mpesa,GB7CFMK2FJ,18-12-17,7:06,Kijauri,Nairobi,Bus,49
9116,7657,4B,Mpesa,RHM2OAMKPD,18-12-17,7:09,Homa Bay,Nairobi,Bus,49
9117,7716,3A,Mpesa,AWOP33MKCL,18-12-17,7:04,Homa Bay,Nairobi,Bus,49
9270,7741,1X,Mpesa,RXYGV4MK3D,19-02-18,8:20,Kisii,Nairobi,shuttle,11
9310,7744,2,Mpesa,GBHLMKILMV,19-02-18,8:00,Kisii,Nairobi,shuttle,11
9356,7748,7,Mpesa,SYPKLLOHMK,19-02-18,7:30,Kisii,Nairobi,shuttle,11
9489,7774,9,Mpesa,6RGQTG1MK8,18-02-18,10:00,Kisii,Nairobi,shuttle,11
9644,7733,23A,Mpesa,ETUGC8MK59,19-12-17,7:09,Homa Bay,Nairobi,Bus,49
9677,7786,7,Mpesa,EMT3QNMK2T,18-02-18,8:30,Kisii,Nairobi,shuttle,11
9791,7814,4,Mpesa,YL4HWMKQVL,18-02-18,7:50,Kisii,Nairobi,shuttle,11
10004,7847,13B,Mpesa,MKR0C6SCOI,16-02-18,7:14,Kisii,Nairobi,Bus,49
10034,7806,16B,Mpesa,LMRMKRL5BP,20-12-17,7:12,Migori,Nairobi,Bus,49
10054,7816,16A,Mpesa,FCZEUGMKGO,20-12-17,7:15,Migori,Nairobi,Bus,49
10144,7816,11A,Mpesa,OEKOS7LOMK,20-12-17,7:15,Migori,Nairobi,Bus,49
10172,7882,7,Mpesa,2MKT7K4DFL,16-02-18,9:50,Kisii,Nairobi,shuttle,11
10278,7896,7,Mpesa,XN7MKHXFM3,16-02-18,9:00,Kisii,Nairobi,shuttle,11
10342,7901,8,Mpesa,MKY9OWT6OG,16-02-18,8:10,Kisii,Nairobi,shuttle,11
10458,7930,1,Mpesa,MKU3ZWOES0,15-02-18,8:40,Kisii,Nairobi,shuttle,11
10772,7964,23A,Mpesa,OVWNLB8MKM,22-12-17,7:09,Homa Bay,Nairobi,Bus,49
10903,7995,6,Mpesa,GBQ8YD0MKP,14-02-18,9:00,Kisii,Nairobi,shuttle,11
11086,8011,3A,Mpesa,MKPXG88SVC,22-12-17,7:15,Migori,Nairobi,Bus,49
11199,8037,18B,Mpesa,9MKAHOKNUC,23-12-17,7:12,Migori,Nairobi,Bus,49
11234,8037,15A,Mpesa,PN6KGML7MK,23-12-17,7:12,Migori,Nairobi,Bus,49
11335,8061,15A,Mpesa,1UMK1JZZQX,24-12-17,7:09,Homa Bay,Nairobi,Bus,49
11420,8087,11B,Mpesa,PMK7UUBXAH,27-12-17,7:09,Homa Bay,Nairobi,Bus,49
11443,8095,10A,Mpesa,RJQOPMKTPM,27-12-17,7:13,Migori,Nairobi,Bus,49
11501,8094,7A,Mpesa,WMMKZGGWAM,27-12-17,7:12,Migori,Nairobi,Bus,49
11569,8095,22B,Mpesa,NYLMQMKCPO,27-12-17,7:13,Migori,Nairobi,Bus,49
11774,8109,3,Mpesa,2FGUTMKSIY,13-02-18,8:20,Kisii,Nairobi,shuttle,11
11789,8118,5,Mpesa,V11WLP8MKC,13-02-18,8:00,Kisii,Nairobi,shuttle,11
11936,8132,9,Mpesa,PMKCTXNXXE,13-02-18,6:10,Kisii,Nairobi,shuttle,11
12011,8136,16A,Mpesa,WTSF0HCMKY,28-12-17,7:04,Homa Bay,Nairobi,Bus,49
12024,8114,22B,Mpesa,VGMKUYRAER,28-12-17,7:15,Migori,Nairobi,Bus,49
12051,8148,17B,Mpesa,4MKPFZQ8QW,29-12-17,7:12,Migori,Nairobi,Bus,49
12108,8159,10,Mpesa,00XWV8MK0E,12-02-18,10:10,Kisii,Nairobi,shuttle,11
12141,8163,1X,Mpesa,SWOL2PCMKR,12-02-18,9:40,Kisii,Nairobi,shuttle,11
12347,8187,4,Mpesa,ZQAB1FMKNE,12-02-18,8:10,Kisii,Nairobi,shuttle,11
12568,8224,13A,Mpesa,MKML8HMWML,31-12-17,7:04,Homa Bay,Nairobi,Bus,49
12584,8214,14A,Mpesa,NVETMKEXJ7,31-12-17,7:15,Migori,Nairobi,Bus,49
12606,8224,11A,Mpesa,YEJRSW52MK,31-12-17,7:04,Homa Bay,Nairobi,Bus,49
12751,8248,23A,Mpesa,CQVCE6XMKV,02-01-18,7:04,Homa Bay,Nairobi,Bus,49
12946,8289,21A,Mpesa,MKA1ZCNCYN,11-02-18,19:04,Kisii,Nairobi,Bus,49
12975,8296,8,Mpesa,GFRMKLRGSG,11-02-18,10:40,Kisii,Nairobi,shuttle,11
13222,8325,8,Mpesa,MKW1JCNYAL,11-02-18,8:10,Kisii,Nairobi,shuttle,11
13272,8340,14B,Mpesa,13MSWJBMKA,06-01-18,7:00,Sirare,Nairobi,Bus,49
13715,8406,3B,Mpesa,DW9WSMKLBZ,08-01-18,7:15,Migori,Nairobi,Bus,49
13731,8406,17A,Mpesa,GY0QMKKLOZ,08-01-18,7:15,Migori,Nairobi,Bus,49
13835,8425,8,Mpesa,KMKRAP3RLQ,09-02-18,8:40,Kisii,Nairobi,shuttle,11
13837,8425,6,Mpesa,D1AMKJ5LSN,09-02-18,8:40,Kisii,Nairobi,shuttle,11
14138,8454,25,Mpesa,BKBT1MKMML,09-01-18,7:00,Sirare,Nairobi,Bus,49
14164,8471,1X,Mpesa,OADMKGSYJ2,08-02-18,10:20,Kisii,Nairobi,shuttle,11
14239,8482,10,Mpesa,YQ8E7UEHMK,08-02-18,8:50,Kisii,Nairobi,shuttle,11
14301,8490,24B,Mpesa,MKJ8DZKYNC,08-02-18,19:03,Kisii,Nairobi,Bus,49
14334,8492,10B,Mpesa,QBY4MKY4C6,10-01-18,7:12,Awendo,Nairobi,Bus,49
14402,8496,21B,Mpesa,CMKMUBXCEA,10-01-18,7:04,Homa Bay,Nairobi,Bus,49
14406,8498,6B,Mpesa,8IHLYMKCKS,10-01-18,7:00,Sirare,Nairobi,Bus,49
14552,8528,1,Mpesa,HVNNNVYMKO,07-02-18,9:30,Kisii,Nairobi,shuttle,11
14663,8545,9B,Mpesa,XRVQK3MKKB,11-01-18,7:00,Sirare,Nairobi,Bus,49
14756,8529,2B,Mpesa,X8ZZ3DLMK7,11-01-18,7:15,Migori,Nairobi,Bus,49
14773,8540,16B,Mpesa,PI4MKGTFB2,11-01-18,7:05,Rongo,Nairobi,Bus,49
14786,8547,19B,Mpesa,GMKEIL5SLU,11-01-18,7:08,Awendo,Nairobi,Bus,49
14885,8560,3,Mpesa,YMKT9YPMLA,07-02-18,6:50,Kisii,Nairobi,shuttle,11
14904,8525,21B,Mpesa,YNELKGMKLV,07-02-18,7:06,Kisii,Nairobi,Bus,49
15461,8644,2,Mpesa,IR1VZOPMKK,05-02-18,10:10,Kisii,Nairobi,shuttle,11
15615,8663,18B,Mpesa,SAMKZDREQ8,14-01-18,7:06,Keroka,Nairobi,Bus,49
15688,8667,11B,Mpesa,XTIIOFMKJO,14-01-18,7:08,Awendo,Nairobi,Bus,49
15813,8681,18B,Mpesa,1CYMKIYQDK,15-01-18,7:04,Homa Bay,Nairobi,Bus,49
16204,8728,9A,Mpesa,KUJ2IXMK1M,17-01-18,7:15,Migori,Nairobi,Bus,49
16269,8754,6B,Mpesa,N4DMKXHGFK,17-01-18,7:08,Kehancha,Nairobi,Bus,49
16337,8765,8,Mpesa,AYMKU8WQDJ,04-02-18,10:57,Kisii,Nairobi,shuttle,11
16342,8765,1,Mpesa,MKECWEMBPK,04-02-18,10:57,Kisii,Nairobi,shuttle,11
16477,8784,6,Mpesa,VFMKHBCA6E,04-02-18,8:00,Kisii,Nairobi,shuttle,11
16486,8787,1,Mpesa,QMKCSE3ZYT,04-02-18,7:40,Kisii,Nairobi,shuttle,11
16596,8804,8A,Mpesa,7SXPMKIROW,18-01-18,7:04,Homa Bay,Nairobi,Bus,49
16665,8813,20B,Mpesa,QDGH0KIDMK,18-01-18,7:15,Migori,Nairobi,Bus,49
16672,8818,14B,Mpesa,GKRMKAUNYP,18-01-18,7:08,Kehancha,Nairobi,Bus,49
16688,8818,10B,Mpesa,VJT6WENSMK,18-01-18,7:08,Kehancha,Nairobi,Bus,49
16706,8822,6,Mpesa,WFBHA1ZMKM,03-02-18,6:00,Kisii,Nairobi,shuttle,11
16708,8815,1X,Mpesa,HQMKXG4GZT,03-02-18,5:50,Kisii,Nairobi,shuttle,11
16727,8839,4,Mpesa,R8BCEMKHBO,02-02-18,10:54,Kisii,Nairobi,shuttle,11
16733,8839,2,Mpesa,ZDOYG0MK4U,02-02-18,10:54,Kisii,Nairobi,shuttle,11
16854,8853,2,Mpesa,CQGIN3MMKI,02-02-18,9:30,Kisii,Nairobi,shuttle,11
16926,8865,19B,Mpesa,I7UXMKYF71,19-01-18,7:08,Awendo,Nairobi,Bus,49
17148,8892,7A,Mpesa,X4GCDBD0MK,02-02-18,7:07,Kisii,Nairobi,Bus,49
17225,8892,7B,Mpesa,WZQZ3VVMKT,02-02-18,7:07,Kisii,Nairobi,Bus,49
17255,8892,10B,Mpesa,MK0UZGM88Y,02-02-18,7:07,Kisii,Nairobi,Bus,49
17318,8918,20B,Mpesa,JYBLQZGMK8,21-01-18,7:08,Awendo,Nairobi,Bus,49
17772,8984,7B,Mpesa,IMK8GZ1ICU,22-01-18,7:00,Sirare,Nairobi,Bus,49
17915,9021,18A,Mpesa,2Z4TMK9AWC,23-01-18,7:09,Homa Bay,Nairobi,Bus,49
17967,9032,8,Mpesa,2PDHMKGNAG,31-01-18,8:30,Kisii,Nairobi,shuttle,11
18104,9021,11A,Mpesa,MKHQHLICJ3,23-01-18,7:09,Homa Bay,Nairobi,Bus,49
18153,9053,10B,Mpesa,ETKBG8OMKZ,30-01-18,7:06,Kisii,Nairobi,Bus,49
18175,9059,4,Mpesa,LRZBQEMKV7,30-01-18,6:30,Kisii,Nairobi,shuttle,11
18272,9062,13A,Mpesa,BSEFJRVMKI,23-01-18,7:04,Homa Bay,Nairobi,Bus,49
18383,9081,6A,Mpesa,KMK5GCR3LF,24-01-18,7:08,Kehancha,Nairobi,Bus,49
18449,9076,18B,Mpesa,QBMKFSSXKA,24-01-18,7:08,Migori,Nairobi,Bus,49
18505,9114,3,Mpesa,ZHMKJWPN0W,29-01-18,10:00,Kisii,Nairobi,shuttle,11
18613,9121,13A,Mpesa,OUIJ9LJ8MK,24-01-18,7:15,Migori,Nairobi,Bus,49
18647,9132,24B,Mpesa,JTYJWMKC1Q,25-01-18,7:06,Keroka,Nairobi,Bus,49
18701,9144,24A,Mpesa,O18UXMK0VH,25-01-18,7:04,Rongo,Nairobi,Bus,49
18711,9138,16B,Mpesa,QENABANMKB,25-01-18,19:07,Sirare,Nairobi,Bus,49
18760,9151,23A,Mpesa,88IQ30GJMK,25-01-18,7:07,Keroka,Nairobi,Bus,49
18769,9139,16A,Mpesa,DMKIC0PTGK,25-01-18,7:04,Homa Bay,Nairobi,Bus,49
18770,9136,4A,Mpesa,MKTXIMMYFY,25-01-18,7:00,Migori,Nairobi,Bus,49
18857,9166,14B,Mpesa,OGIKOS3MKM,26-01-18,19:07,Sirare,Nairobi,Bus,49
18859,9164,4,Mpesa,DRMZLRO5MK,29-01-18,8:30,Kisii,Nairobi,shuttle,11
19048,9167,15B,Mpesa,DOQ4NNCEMK,26-01-18,7:09,Homa Bay,Nairobi,Bus,49
19081,9169,2A,Mpesa,X745O4WIMK,26-01-18,7:15,Migori,Nairobi,Bus,49
19212,9211,23A,Mpesa,XWMKBOYL5A,27-01-18,7:14,Rongo,Nairobi,Bus,49
19297,9214,9A,Mpesa,VSGMYQIMKF,27-01-18,7:00,Sirare,Nairobi,Bus,49
19340,9196,22A,Mpesa,UFNMKZWJ8K,29-01-18,7:07,Kisii,Nairobi,Bus,49
19422,9231,6,Mpesa,LEJQDJMK4Q,29-01-18,7:30,Kisii,Nairobi,shuttle,11
19614,9265,3,Mpesa,8MKCTT8HFV,28-01-18,10:59,Kisii,Nairobi,shuttle,11
19673,9268,5,Mpesa,FQGQTMKQFQ,28-01-18,10:56,Kisii,Nairobi,shuttle,11
19722,9276,7,Mpesa,HQHMKT8QC4,28-01-18,10:50,Kisii,Nairobi,shuttle,11
19860,9273,14B,Mpesa,MK7H0FLTUJ,28-01-18,7:08,Awendo,Nairobi,Bus,49
19976,9259,18B,Mpesa,HMS5KOOMKZ,28-01-18,7:06,Kisii,Nairobi,Bus,49
20304,9382,7,Mpesa,MKL4GJJ2DP,24-01-18,8:10,Kisii,Nairobi,shuttle,11
20465,9383,1X,Mpesa,IF8MKCSAJH,24-01-18,7:20,Kisii,Nairobi,shuttle,11
20491,9412,21B,Mpesa,MK6CZ5TX3G,30-01-18,7:05,Nyachenge,Nairobi,Bus,49
20852,9454,15A,Mpesa,UMKLJSRGZV,31-01-18,7:09,Homa Bay,Nairobi,Bus,49
21047,9514,21B,Mpesa,N5JONYMKH6,01-02-18,7:12,Migori,Nairobi,Bus,49
21082,9519,7,Mpesa,SDZ6FMKR7I,22-01-18,10:10,Kisii,Nairobi,shuttle,11
21091,9520,2,Mpesa,XIKMKTILR8,22-01-18,10:00,Kisii,Nairobi,shuttle,11
21303,9538,23B,Mpesa,HMKZME8LP0,22-01-18,19:04,Kisii,Nairobi,Bus,49
21350,9546,2,Mpesa,MKXIIASSXU,22-01-18,6:50,Kisii,Nairobi,shuttle,11
21388,9502,11B,Mpesa,AAOFMKJELB,22-01-18,7:06,Kisii,Nairobi,Bus,49
21642,9592,3,Mpesa,JJWQHCPMK2,21-01-18,7:20,Kisii,Nairobi,shuttle,11
21647,9591,1B,Mpesa,E3WMKPZ0HK,21-01-18,7:07,Kisii,Nairobi,Bus,49
21769,9626,4,Mpesa,MRRFYEDMMK,19-01-18,10:00,Kisii,Nairobi,shuttle,11
22062,9673,16B,Mpesa,EDVKDBDMKB,03-02-18,19:07,Sirare,Nairobi,Bus,49
22099,9671,12B,Mpesa,IZPGSHRMKN,03-02-18,7:08,Migori,Nairobi,Bus,49
22140,9679,19A,Mpesa,OMKHTXUXPJ,03-02-18,7:12,Migori,Nairobi,Bus,49
22280,9714,17A,Mpesa,MOVCXSMKXL,04-02-18,19:07,Sirare,Nairobi,Bus,49
22397,9735,8,Mpesa,2UMKN7XFEJ,18-01-18,9:20,Kisii,Nairobi,shuttle,11
22720,9781,23A,Mpesa,GDXMMKLOLM,04-02-18,7:04,Homa Bay,Nairobi,Bus,49
22728,9721,4B,Mpesa,JMKYTOAHSF,04-02-18,7:08,Migori,Nairobi,Bus,49
22754,9721,15A,Mpesa,THHWMCMKA7,04-02-18,7:08,Migori,Nairobi,Bus,49
22821,9807,16B,Mpesa,YMKNCCLB2K,05-02-18,19:07,Sirare,Nairobi,Bus,49
22868,9810,15B,Mpesa,WTSHMK0CAF,05-02-18,7:09,Homa Bay,Nairobi,Bus,49
22896,9817,24A,Mpesa,AG893MKY3U,05-02-18,7:09,Rongo,Nairobi,Bus,49
22954,9804,4,Mpesa,MKHDVOR7QF,16-01-18,8:00,Kisii,Nairobi,shuttle,11
23164,9871,23A,Mpesa,SWIPOOZMKI,05-02-18,7:04,Homa Bay,Nairobi,Bus,49
23174,9814,22A,Mpesa,HQAIJMK0NR,05-02-18,7:05,Rongo,Nairobi,Bus,49
23205,9871,21A,Mpesa,CO0JUSQUMK,05-02-18,7:04,Homa Bay,Nairobi,Bus,49
23239,9814,21A,Mpesa,MKTIC4DS5U,05-02-18,7:05,Rongo,Nairobi,Bus,49
23342,9905,16A,Mpesa,DMKDM1KEU0,06-02-18,7:09,Homa Bay,Nairobi,Bus,49
23442,9935,3,Mpesa,VM4MEMKUEF,12-01-18,10:10,Kisii,Nairobi,shuttle,11
23454,9935,10,Mpesa,3AIVBSMKGV,12-01-18,10:10,Kisii,Nairobi,shuttle,11
23469,9938,7,Mpesa,DLUOORHMKC,12-01-18,10:00,Kisii,Nairobi,shuttle,11
23497,9939,15A,Mpesa,F5WWAMMKWU,06-02-18,7:04,Homa Bay,Nairobi,Bus,49
23502,9939,13A,Mpesa,7SMK2AWGL2,06-02-18,7:04,Homa Bay,Nairobi,Bus,49
23662,9969,8B,Mpesa,S6MK2I27BH,07-02-18,7:10,Homa Bay,Nairobi,Bus,49
23715,9960,8,Mpesa,SEDTODVYMK,12-01-18,9:00,Kisii,Nairobi,shuttle,11
23880,10002,25,Mpesa,ZLZMKK3T2W,07-02-18,7:07,Kijauri,Nairobi,Bus,49
23889,10006,3,Mpesa,FMKJ4AQCPP,11-01-18,9:50,Kisii,Nairobi,shuttle,11
24037,10025,5,Mpesa,B6MKYCG5DI,11-01-18,8:10,Kisii,Nairobi,shuttle,11
24077,10037,13B,Mpesa,ZEN50VBMKP,08-02-18,19:07,Sirare,Nairobi,Bus,49
24103,10041,5B,Mpesa,PAMKBGIRYA,08-02-18,7:09,Homa Bay,Nairobi,Bus,49
24134,10043,13A,Mpesa,KEIDFKKMKT,08-02-18,7:13,Kehancha,Nairobi,Bus,49
24240,10070,4,Mpesa,OCSQXMKUJZ,10-01-18,9:10,Kisii,Nairobi,shuttle,11
24249,10072,8,Mpesa,QUMK6HCGOL,10-01-18,9:00,Kisii,Nairobi,shuttle,11
24322,10069,6,Mpesa,MKYNO6OO6A,10-01-18,9:20,Kisii,Nairobi,shuttle,11
24384,10039,24B,Mpesa,DUPZZMKIUB,08-02-18,7:04,Rongo,Nairobi,Bus,49
24422,10038,20A,Mpesa,MKY8WC9O5D,08-02-18,7:05,Nyachenge,Nairobi,Bus,49
24545,10118,20A,Mpesa,W4TMKAJJNX,09-02-18,7:12,Migori,Nairobi,Bus,49
24659,10146,8,Mpesa,MKQGS77UT7,09-01-18,9:00,Kisii,Nairobi,shuttle,11
24897,10176,9A,Mpesa,PMKMDKGD4C,09-02-18,7:00,Sirare,Nairobi,Bus,49
24926,10187,12B,Mpesa,IQMKMX1ZAA,10-02-18,7:13,Rongo,Nairobi,Bus,49
24953,10192,10B,Mpesa,CJIMKTSKBO,10-02-18,7:10,Homa Bay,Nairobi,Bus,49
25041,10213,10B,Mpesa,WJNTTEMMK8,10-02-18,7:09,Rongo,Nairobi,Bus,49
25386,10300,10,Mpesa,C4YVYKQMKQ,03-01-18,6:50,Kisii,Nairobi,shuttle,11
25439,10240,16A,Mpesa,DZWTJ0XMMK,11-02-18,19:07,Sirare,Nairobi,Bus,49
25538,10311,9A,Mpesa,FOSTWMKOF2,11-02-18,7:08,Kehancha,Nairobi,Bus,49
25703,10352,10A,Mpesa,GKBRYMKME9,12-02-18,7:13,Kehancha,Nairobi,Bus,49
25885,10392,2,Mpesa,9S6FD5ROMK,29-12-17,10:57,Kisii,Nairobi,shuttle,11
25918,10384,7B,Mpesa,MKIWPMN1Z6,29-12-17,7:15,Kisii,Nairobi,Bus,49
25925,10400,14A,Mpesa,LDMKHW7ZZ9,12-02-18,7:08,Kehancha,Nairobi,Bus,49
26008,10352,14A,Mpesa,AUJ2OO6MKY,12-02-18,7:13,Kehancha,Nairobi,Bus,49
26284,10451,6,Mpesa,BECH3ZY8MK,28-12-17,10:30,Kisii,Nairobi,shuttle,11
26358,10455,7,Mpesa,NQ7OMKLWQA,28-12-17,10:00,Kisii,Nairobi,shuttle,11
26468,10482,8,Mpesa,AJRXRMKMJI,25-12-17,8:00,Kisii,Nairobi,shuttle,11
26509,10502,2B,Mpesa,HXO9QMKEY3,23-12-17,7:06,Kisii,Nairobi,Bus,49
26587,10449,12A,Mpesa,XHWLGOMKSW,13-02-18,7:08,Kehancha,Nairobi,Bus,49
26711,10541,25,Mpesa,DMKE8AJ2OV,14-02-18,7:14,Rongo,Nairobi,Bus,49
26720,10537,7A,Mpesa,FU8A8UBMK2,14-02-18,19:07,Sirare,Nairobi,Bus,49
26773,10545,5,Mpesa,AQAMKGIOGG,22-12-17,9:00,Kisii,Nairobi,shuttle,11
26802,10535,10,Mpesa,7MKSGTYFOL,22-12-17,8:40,Kisii,Nairobi,shuttle,11
26870,10537,4B,Mpesa,W9MK0CHKJ6,14-02-18,19:07,Sirare,Nairobi,Bus,49
26916,10564,2,Mpesa,PN4T7PMK5E,22-12-17,7:20,Kisii,Nairobi,shuttle,11
27455,10631,8,Mpesa,33JK3GIDMK,21-12-17,8:00,Kisii,Nairobi,shuttle,11
27484,10634,17B,Mpesa,OB1Z3MKDYL,15-02-18,7:06,Kijauri,Nairobi,Bus,49
27486,10604,14B,Mpesa,9MKHRVWJYW,15-02-18,7:08,Awendo,Nairobi,Bus,49
27690,10592,23A,Mpesa,DCIFFTBDMK,21-12-17,7:07,Kisii,Nairobi,Bus,49
27781,10668,7,Mpesa,UQFMKQQBDM,21-12-17,6:30,Kisii,Nairobi,shuttle,11
27831,10669,2,Mpesa,DDFMKVZL7D,21-12-17,6:00,Kisii,Nairobi,shuttle,11
27838,10673,4,Mpesa,HPQUU57YMK,21-12-17,5:30,Kisii,Nairobi,shuttle,11
28007,10697,1,Mpesa,DVMKTFUH4Z,20-12-17,9:20,Kisii,Nairobi,shuttle,11
28019,10699,6,Mpesa,NRONSPYMMK,20-12-17,9:10,Kisii,Nairobi,shuttle,11
28067,10704,1X,Mpesa,D3MKULKZNH,20-12-17,8:20,Kisii,Nairobi,shuttle,11
28118,10660,2B,Mpesa,VYMDUNJPMK,16-02-18,7:08,Migori,Nairobi,Bus,49
28142,10711,2,Mpesa,RI0K4VZMK5,16-02-18,5:40,Kijauri,Nairobi,shuttle,11
28230,10726,17B,Mpesa,BMMKGDV0JB,17-02-18,7:11,Homa Bay,Nairobi,Bus,49
28663,10793,10,Mpesa,LXRMKKCLEF,19-12-17,10:00,Kisii,Nairobi,shuttle,11
28681,10797,12B,Mpesa,PSIGCMK6RQ,19-12-17,7:14,Kisii,Nairobi,Bus,49
28751,10805,8,Mpesa,SFWFPRMKBC,19-12-17,8:50,Kisii,Nairobi,shuttle,11
28792,10794,19A,Mpesa,KMKVZ9JAFC,18-02-18,7:06,Kijauri,Nairobi,Bus,49
28960,10812,17B,Mpesa,I52MKA9XUU,19-12-17,19:05,Kisii,Nairobi,Bus,49
29128,10836,21B,Mpesa,USDHRXQNMK,19-02-18,7:08,Migori,Nairobi,Bus,49
29492,10831,8A,Mpesa,MKO2HEOHJH,19-02-18,7:05,Rongo,Nairobi,Bus,49
29707,10915,24A,Mpesa,4BOQMKBTIM,20-02-18,7:10,Rongo,Nairobi,Bus,49
29803,10924,8,Mpesa,4TWYEUUMKC,18-12-17,7:00,Kisii,Nairobi,shuttle,11
29907,10892,1,Mpesa,MKGHMTF4JD,18-12-17,5:00,Kisii,Nairobi,shuttle,11
30006,10961,24A,Mpesa,CIMKV1ZGCS,21-02-18,7:10,Homa Bay,Nairobi,Bus,49
30180,10955,6A,Mpesa,AU4UWCMKNL,21-02-18,7:12,Migori,Nairobi,Bus,49
30355,10993,10,Mpesa,BEF05O0NMK,17-12-17,10:00,Kisii,Nairobi,shuttle,11
30516,11023,21A,Mpesa,HMKXR7LK9V,22-02-18,7:08,Migori,Nairobi,Bus,49
30681,11038,6,Mpesa,MK6CF1DWG3,17-12-17,7:50,Kisii,Nairobi,shuttle,11
30724,11044,9B,Mpesa,V2MBNYMSMK,17-12-17,7:07,Kisii,Nairobi,Bus,49
30786,11050,3,Mpesa,AKA0MKSAMZ,17-12-17,6:50,Kisii,Nairobi,shuttle,11
30984,11087,18A,Mpesa,ZYDFSMKK48,23-02-18,19:07,Sirare,Nairobi,Bus,49
31057,11099,5,Mpesa,4NE36KFQMK,16-12-17,10:30,Kisii,Nairobi,shuttle,11
31068,11090,10A,Mpesa,BRAUXDMKDO,23-02-18,7:09,Homa Bay,Nairobi,Bus,49
31114,11115,2,Mpesa,VGNIVBHMK2,15-12-17,10:57,Kisii,Nairobi,shuttle,11
31760,11192,24A,Mpesa,BMKSPCJSO9,25-02-18,7:05,Rongo,Nairobi,Bus,49
31850,11210,14B,Mpesa,FQGFMK3DIU,25-02-18,7:08,Awendo,Nairobi,Bus,49
32108,11243,15B,Mpesa,63YZZRAMKL,26-02-18,7:04,Homa Bay,Nairobi,Bus,49
32181,11243,15A,Mpesa,LFPMK7LLMD,26-02-18,7:04,Homa Bay,Nairobi,Bus,49
32303,11276,10,Mpesa,TCVK7MKLPM,14-12-17,10:58,Kisii,Nairobi,shuttle,11
32309,11267,3,Mpesa,LMK9CRTB9E,14-12-17,10:59,Kisii,Nairobi,shuttle,11
32343,11280,7,Mpesa,XURCVMKL0F,14-12-17,10:56,Kisii,Nairobi,shuttle,11
32344,11280,1X,Mpesa,MKSHCIVCVG,14-12-17,10:56,Kisii,Nairobi,shuttle,11
32486,11295,5,Mpesa,3RY6PPYMKL,14-12-17,10:20,Kisii,Nairobi,shuttle,11
32501,11299,9,Mpesa,MKSOBLW4ON,14-12-17,10:00,Kisii,Nairobi,shuttle,11
32710,11321,9B,Mpesa,DQ6LXXMKEC,28-02-18,19:07,Sirare,Nairobi,Bus,49
32903,11346,8,Mpesa,51WCZTAKMK,14-12-17,5:30,Kisii,Nairobi,shuttle,11
33066,11354,11A,Mpesa,RCGSMK2ZU0,14-12-17,19:03,Kisii,Nairobi,Bus,49
33124,11281,14A,Mpesa,UJQOFMKDYV,14-12-17,7:07,Kisii,Nairobi,Bus,49
33246,11261,20B,Mpesa,ACDEWQMKUF,14-12-17,7:04,Kisii,Nairobi,Bus,49
33409,11396,9,Mpesa,WPCU18TMKK,13-12-17,10:59,Kisii,Nairobi,shuttle,11
33591,11412,5,Mpesa,7ZPTMYWGMK,13-12-17,10:40,Kisii,Nairobi,shuttle,11
33608,11415,9,Mpesa,NMKEG8MHXZ,13-12-17,10:30,Kisii,Nairobi,shuttle,11
33609,11415,8,Mpesa,MY6Q3ORYMK,13-12-17,10:30,Kisii,Nairobi,shuttle,11
33914,11445,18A,Mpesa,OTIRMKBNIS,02-03-18,7:13,Kehancha,Nairobi,Bus,49
34382,11503,10,Mpesa,MVXJOMKOJC,12-12-17,7:50,Kisii,Nairobi,shuttle,11
34491,11519,10B,Mpesa,YHMK5OCWDW,03-03-18,7:12,Migori,Nairobi,Bus,49
34494,11517,7B,Mpesa,BGSXOMKVNQ,03-03-18,19:07,Sirare,Nairobi,Bus,49
34587,11514,14A,Mpesa,MK1OK5D7I0,03-03-18,7:06,Kijauri,Nairobi,Bus,49
34600,11521,13B,Mpesa,NZQIMKNDWQ,03-03-18,7:15,Migori,Nairobi,Bus,49
34685,11511,10,Mpesa,SGTQ2WMKQX,12-12-17,7:20,Kisii,Nairobi,shuttle,11
34692,11546,4,Mpesa,TWSKIT3MK3,12-12-17,7:00,Kisii,Nairobi,shuttle,11
34796,11472,4B,Mpesa,2LNIMKPOXP,12-12-17,7:06,Kisii,Nairobi,Bus,49
34915,11572,1,Mpesa,AL4DVGMKOS,12-12-17,5:20,Kisii,Nairobi,shuttle,11
34996,11584,10B,Mpesa,PZ3VHPMKSZ,11-12-17,7:08,Kisii,Nairobi,Bus,49
35106,11592,4,Mpesa,G1OEZDCDMK,11-12-17,5:40,Kisii,Nairobi,shuttle,11
35107,11592,6,Mpesa,POTDMKWULK,11-12-17,5:40,Kisii,Nairobi,shuttle,11
35137,11600,5,Mpesa,I0KN2SIMKR,10-12-17,6:10,Kisii,Nairobi,shuttle,11
35146,11601,7,Mpesa,GXFXKMKVFH,10-12-17,11:09,Kisii,Nairobi,shuttle,11
35206,11612,6,Mpesa,YMKEB8E9RA,10-12-17,11:05,Kisii,Nairobi,shuttle,11
35530,11644,10,Mpesa,I1TFNB2MKW,10-12-17,10:54,Kisii,Nairobi,shuttle,11
35576,11649,14B,Mpesa,HMKRSJBSIV,05-03-18,19:07,Sirare,Nairobi,Bus,49
35720,11659,11A,Mpesa,MKXYTOLRCU,05-03-18,7:10,Homa Bay,Nairobi,Bus,49
35739,11662,24B,Mpesa,KYMKP7HDTP,10-12-17,19:06,Kisii,Nairobi,Bus,49
35810,11667,1,Mpesa,VJU7XMKHAA,10-12-17,9:50,Kisii,Nairobi,shuttle,11
35871,11671,1,Mpesa,FKMKTGRMOZ,10-12-17,9:10,Kisii,Nairobi,shuttle,11
36292,11732,9,Mpesa,C6CBMK5JLC,09-12-17,10:20,Kisii,Nairobi,shuttle,11
36406,11742,9,Mpesa,B6LO3RXMKP,09-12-17,9:00,Kisii,Nairobi,shuttle,11
36428,11746,1X,Mpesa,RCMKXSNNJC,09-12-17,7:50,Kisii,Nairobi,shuttle,11
36558,11768,1B,Mpesa,MNOANYMKRE,06-03-18,7:05,Rongo,Nairobi,Bus,49
36632,11786,5A,Mpesa,73KOMK7CMS,07-03-18,19:07,Sirare,Nairobi,Bus,49
36711,11796,2B,Mpesa,MKWTNW2EEI,07-03-18,7:08,Kehancha,Nairobi,Bus,49
36780,11802,8,Mpesa,XVE4GIZMK5,08-12-17,10:30,Kisii,Nairobi,shuttle,11
36835,11804,7,Mpesa,PLBWAZMKM1,08-12-17,10:10,Kisii,Nairobi,shuttle,11
36863,11810,8,Mpesa,TUDUXILDMK,08-12-17,9:40,Kisii,Nairobi,shuttle,11
36885,11812,6,Mpesa,40I0QMKSAW,08-12-17,9:20,Kisii,Nairobi,shuttle,11
37022,11824,8,Mpesa,MKIU1SSIJO,08-12-17,8:10,Kisii,Nairobi,shuttle,11
37051,11827,1X,Mpesa,ZAWNMKTNE2,08-12-17,7:50,Kisii,Nairobi,shuttle,11
37060,11791,20B,Mpesa,SDQ8IMK5FR,07-03-18,7:14,Rongo,Nairobi,Bus,49
37169,11844,10,Mpesa,EMKLRZ8NHB,08-12-17,7:30,Kisii,Nairobi,shuttle,11
37236,11856,4B,Mpesa,G504XMKEL4,08-03-18,7:14,Nyachenge,Nairobi,Bus,49
37402,11762,10A,Mpesa,PMKLEEC42J,08-12-17,7:07,Kisii,Nairobi,Bus,49
37444,11877,25,Mpesa,VDBMKQ3VXN,07-12-17,7:14,Kisii,Nairobi,Bus,49
37458,11884,10,Mpesa,XMKYS0DUFJ,07-12-17,10:52,Kisii,Nairobi,shuttle,11
37461,11854,11B,Mpesa,6VDMKVB9MP,08-03-18,7:09,Homa Bay,Nairobi,Bus,49
37618,11853,13B,Mpesa,N8MKHYK6MV,08-03-18,19:07,Sirare,Nairobi,Bus,49
37639,11900,9,Mpesa,MK6SSYJHAS,07-12-17,9:50,Kisii,Nairobi,shuttle,11
37706,11915,1,Mpesa,YSHZMMKWZM,07-12-17,9:00,Kisii,Nairobi,shuttle,11
37749,11921,7,Mpesa,MVYN3MKLWA,07-12-17,8:50,Kisii,Nairobi,shuttle,11
37782,11927,6B,Mpesa,CBOIMKW2P7,09-03-18,7:14,Nyachenge,Nairobi,Bus,49
37918,11929,10A,Mpesa,YSXMKL5B4U,09-03-18,7:14,Rongo,Nairobi,Bus,49
37956,11885,1B,Mpesa,1IMKUP8DPI,07-12-17,7:06,Kisii,Nairobi,Bus,49
38262,11929,1B,Mpesa,MWADMKP7VI,09-03-18,7:14,Rongo,Nairobi,Bus,49
38271,11931,5B,Mpesa,Z2EAMKYKF7,09-03-18,7:12,Migori,Nairobi,Bus,49
38362,11992,16A,Mpesa,MKKJCFRPHX,10-03-18,7:11,Homa Bay,Nairobi,Bus,49
38507,11990,1A,Mpesa,KI8PCGHMKA,10-03-18,7:12,Migori,Nairobi,Bus,49
38520,12009,3A,Mpesa,CMK8FHSSCW,10-03-18,7:04,Homa Bay,Nairobi,Bus,49
38600,12020,3A,Mpesa,J3MKI3XQJ8,11-03-18,19:07,Sirare,Nairobi,Bus,49
38634,12020,4B,Mpesa,VXIMJMK1BQ,11-03-18,19:07,Sirare,Nairobi,Bus,49
38715,12038,10,Mpesa,MKJ9YVR6I8,06-12-17,7:50,Kisii,Nairobi,shuttle,11
38757,12034,8B,Mpesa,M7MKGRJF0M,06-12-17,7:10,Kisii,Nairobi,Bus,49
38830,12054,3,Mpesa,LFDNMKK7DZ,05-12-17,10:57,Kisii,Nairobi,shuttle,11
38843,12055,1,Mpesa,XWFYMKCPKL,05-12-17,10:56,Kisii,Nairobi,shuttle,11
38937,12067,1,Mpesa,KZMKMANL88,05-12-17,9:40,Kisii,Nairobi,shuttle,11
38973,12063,2,Mpesa,LBX6UMKRXW,05-12-17,10:20,Kisii,Nairobi,shuttle,11
39297,12103,18A,Mpesa,MK2SVUOT3D,12-03-18,7:09,Homa Bay,Nairobi,Bus,49
39374,12103,18B,Mpesa,PR8CUNLMKU,12-03-18,7:09,Homa Bay,Nairobi,Bus,49
39447,12104,10A,Mpesa,MKH6O8F5AR,12-03-18,7:14,Rongo,Nairobi,Bus,49
39462,12118,20B,Mpesa,BOGPGCMK6J,04-12-17,7:07,Kisii,Nairobi,Bus,49
39537,12132,1X,Mpesa,NL5PAMKAWU,04-12-17,5:00,Kisii,Nairobi,shuttle,11
39554,12140,10A,Mpesa,MKJBMPNA8T,12-03-18,7:04,Homa Bay,Nairobi,Bus,49
39675,12157,5A,Mpesa,ADKX3AZMK1,13-03-18,19:07,Sirare,Nairobi,Bus,49
39866,12158,8A,Mpesa,JV0SN5MKRR,13-03-18,7:09,Homa Bay,Nairobi,Bus,49
39870,12185,8,Mpesa,RPKMKLAJ0F,03-12-17,10:57,Kisii,Nairobi,shuttle,11
40012,12205,8,Mpesa,MKHDAHRX4O,03-12-17,9:20,Kisii,Nairobi,shuttle,11
40540,12292,7,Mpesa,FLXNAOMKRH,01-12-17,10:56,Kisii,Nairobi,shuttle,11
40560,12297,10,Mpesa,YYVZMKT1UW,01-12-17,10:54,Kisii,Nairobi,shuttle,11
40650,12308,4,Mpesa,ENORLAMKSD,01-12-17,10:51,Kisii,Nairobi,shuttle,11
40651,12309,1X,Mpesa,OHSLMKNEER,01-12-17,10:50,Kisii,Nairobi,shuttle,11
40809,12331,6,Mpesa,YMKVBPDFLV,01-12-17,9:00,Kisii,Nairobi,shuttle,11
40831,12333,5,Mpesa,9LAVC4MKI0,01-12-17,8:50,Kisii,Nairobi,shuttle,11
40915,12342,6,Mpesa,YLJMKJVDFK,01-12-17,5:10,Kisii,Nairobi,shuttle,11
41124,12396,21B,Mpesa,AVNMKPWJZJ,17-03-18,7:14,Rongo,Nairobi,Bus,49
41148,12400,4,Mpesa,MGBFM6IVMK,29-11-17,10:51,Kisii,Nairobi,shuttle,11
41226,12399,12A,Mpesa,JTKSPQMKGF,17-03-18,7:04,Nyachenge,Nairobi,Bus,49
41415,12433,22B,Mpesa,QPIGFEMKWG,18-03-18,7:04,Homa Bay,Nairobi,Bus,49
41494,12433,12A,Mpesa,YA64GCEMKA,18-03-18,7:04,Homa Bay,Nairobi,Bus,49
41671,12461,2,Mpesa,QSV9MKP6GJ,19-03-18,6:58,Kijauri,Nairobi,shuttle,11
41675,12449,17A,Mpesa,IC9X0JBMKE,19-03-18,7:12,Migori,Nairobi,Bus,49
41831,12478,5B,Mpesa,MKREX6RZND,20-03-18,7:09,Homa Bay,Nairobi,Bus,49
41876,12483,4B,Mpesa,VBNTBIMKEQ,20-03-18,7:12,Migori,Nairobi,Bus,49
41989,12510,12B,Mpesa,FR2NH0PMKB,21-03-18,19:07,Sirare,Nairobi,Bus,49
42104,12510,16B,Mpesa,PNMKGZ9CQ3,21-03-18,19:07,Sirare,Nairobi,Bus,49
42135,12535,14A,Mpesa,PLMKXVNODC,21-03-18,7:08,Kehancha,Nairobi,Bus,49
42456,12586,23B,Mpesa,JMXAKMKOY2,23-03-18,7:03,Rongo,Nairobi,Bus,49
42536,12584,12A,Mpesa,T8BBPUMKZP,23-03-18,7:08,Awendo,Nairobi,Bus,49
42571,12587,4B,Mpesa,AP8PK7XVMK,23-03-18,7:09,Homa Bay,Nairobi,Bus,49
42639,12597,7,Mpesa,WMKQR3GXXH,29-11-17,7:40,Kisii,Nairobi,shuttle,11
42672,12614,15B,Mpesa,JB1MK9QF3N,24-03-18,7:09,Homa Bay,Nairobi,Bus,49
42678,12614,15A,Mpesa,MKJ7FJFC6O,24-03-18,7:09,Homa Bay,Nairobi,Bus,49
42680,12613,10B,Mpesa,AQOO6K2MKQ,24-03-18,19:07,Sirare,Nairobi,Bus,49
42773,12391,6A,Mpesa,IPMKEDXHV0,29-11-17,7:06,Kisii,Nairobi,Bus,49
42971,12661,13A,Mpesa,5IIMKFVYMD,25-03-18,7:08,Awendo,Nairobi,Bus,49
43029,12673,10,Mpesa,KNT3PWJGMK,29-11-17,5:50,Kisii,Nairobi,shuttle,11
43076,12661,13B,Mpesa,HEY1DMK4TI,25-03-18,7:08,Awendo,Nairobi,Bus,49
43202,12694,3,Mpesa,8TPELMCMKR,25-03-18,5:40,Kijauri,Nairobi,shuttle,11
43235,12698,12B,Mpesa,FFJVMKA7NW,26-03-18,19:07,Sirare,Nairobi,Bus,49
43249,12699,9B,Mpesa,RVI5PYCQMK,26-03-18,7:09,Homa Bay,Nairobi,Bus,49
43387,12699,6B,Mpesa,MKGSCRDWQM,26-03-18,7:09,Homa Bay,Nairobi,Bus,49
43520,12739,5B,Mpesa,TZXTQPMKM2,27-03-18,7:10,Homa Bay,Nairobi,Bus,49
43668,12754,2,Mpesa,MKRYXDNPOS,27-03-18,7:20,Kijauri,Nairobi,shuttle,11
43839,12779,5B,Mpesa,SEYUXEL1MK,28-03-18,7:12,Migori,Nairobi,Bus,49
43876,12787,11A,Mpesa,B4KAZWMKG2,28-03-18,7:13,Kehancha,Nairobi,Bus,49
43928,12778,18A,Mpesa,AMKIY8WTT2,28-03-18,7:05,Rongo,Nairobi,Bus,49
44028,12820,1B,Mpesa,MKX2QKBFSW,29-03-18,7:14,Rongo,Nairobi,Bus,49
44068,12815,15A,Mpesa,BMKBFRMIXG,29-03-18,7:06,Kijauri,Nairobi,Bus,49
44432,12888,2,Mpesa,MK0V8IMLXP,28-11-17,8:00,Kisii,Nairobi,shuttle,11
44460,12895,22B,Mpesa,PQUS3JKMK2,31-03-18,7:08,Awendo,Nairobi,Bus,49
44488,12896,14B,Mpesa,8MK93KJE4E,31-03-18,7:12,Migori,Nairobi,Bus,49
44530,12910,16A,Mpesa,HUV0VAMKRO,31-03-18,7:07,Keroka,Nairobi,Bus,49
44544,12897,21A,Mpesa,2I2CWXMFMK,31-03-18,7:05,Rongo,Nairobi,Bus,49
44569,12912,6A,Mpesa,4JCDSKRMKV,31-03-18,8:00,Migori,Nairobi,Bus,49
44625,12924,22A,Mpesa,MKT7CDOS4I,01-04-18,8:00,Awendo,Nairobi,Bus,49
44656,12935,18B,Mpesa,AMGMTMKKBT,01-04-18,7:13,Awendo,Nairobi,Bus,49
44869,12951,21A,Mpesa,MKRHYGONFD,01-04-18,7:05,Rongo,Nairobi,Bus,49
44961,12964,7A,Mpesa,1BMKD9KRUZ,02-04-18,19:07,Sirare,Nairobi,Bus,49
44972,12964,25,Mpesa,UBMKQQGESO,02-04-18,19:07,Sirare,Nairobi,Bus,49
45194,12995,9A,Mpesa,VVXWNIMKP3,03-04-18,19:07,Sirare,Nairobi,Bus,49
45198,12995,21A,Mpesa,C1RQD9MMKB,03-04-18,19:07,Sirare,Nairobi,Bus,49
45611,13041,14B,Mpesa,OAMNGSHMKP,04-04-18,8:00,Migori,Nairobi,Bus,49
46046,13115,23B,Mpesa,PSMKXKKQ3Z,06-04-18,6:59,Sirare,Nairobi,Bus,49
46057,13089,1,Mpesa,JT4FMKVFMN,28-11-17,6:20,Kisii,Nairobi,shuttle,11
46101,13115,10B,Mpesa,FYMDJY5MKP,06-04-18,6:59,Sirare,Nairobi,Bus,49
46287,13137,15A,Mpesa,Y3ZYAEMMKR,07-04-18,7:03,Mbita,Nairobi,Bus,49
46342,13137,8A,Mpesa,SVMKKKSADH,07-04-18,7:03,Mbita,Nairobi,Bus,49
46406,13151,8B,Mpesa,TDGHZ7E1MK,07-04-18,6:59,Sirare,Nairobi,Bus,49
46408,13152,6B,Mpesa,MKYZWX840C,07-04-18,7:04,Homa Bay,Nairobi,Bus,49
46455,13134,7B,Mpesa,MVD3TBEBMK,07-04-18,7:12,Migori,Nairobi,Bus,49
46533,13144,9B,Mpesa,PLRSXORMKS,07-04-18,7:08,Awendo,Nairobi,Bus,49
46540,13129,4,Mpesa,HHPYCOYSMK,28-11-17,5:50,Kisii,Nairobi,shuttle,11
46872,13194,5A,Mpesa,JMHXB4VIMK,08-04-18,7:08,Kehancha,Nairobi,Bus,49
47015,13221,8A,Mpesa,MKDMVC8JB0,09-04-18,7:13,Kehancha,Nairobi,Bus,49
47029,13221,2B,Mpesa,HAQVGMKUAJ,09-04-18,7:13,Kehancha,Nairobi,Bus,49
47057,13224,24B,Mpesa,MKY2KZNVPY,09-04-18,7:13,Awendo,Nairobi,Bus,49
47122,13220,1X,Mpesa,KTMSLMKLEO,28-11-17,5:00,Kisii,Nairobi,shuttle,11
47261,13246,18A,Mpesa,GZJ4T6MKKB,09-04-18,8:00,Migori,Nairobi,Bus,49
47287,13244,5A,Mpesa,1E3JGMKLFA,09-04-18,7:03,Mbita,Nairobi,Bus,49
47711,13265,18B,Mpesa,DDLWJATGMK,10-04-18,7:09,Homa Bay,Nairobi,Bus,49
47736,13314,20B,Mpesa,EQOGT8HQMK,11-04-18,19:07,Sirare,Nairobi,Bus,49
48019,13337,15B,Mpesa,ZMKFSOI1HB,11-04-18,7:04,Homa Bay,Nairobi,Bus,49
48051,13350,9A,Mpesa,ILW169MMKC,11-04-18,23:10,Ndhiwa,Nairobi,Bus,49
48181,13386,6B,Mpesa,8LMKNZCBIQ,12-04-18,7:14,Nyachenge,Nairobi,Bus,49
48244,13385,9A,Mpesa,AMK4LGM3AY,12-04-18,7:13,Kehancha,Nairobi,Bus,49
48321,13374,2B,Mpesa,DIOI7MKAMV,12-04-18,19:07,Sirare,Nairobi,Bus,49
48383,13369,8,Mpesa,QLV7MKLKGK,27-11-17,10:40,Kisii,Nairobi,shuttle,11
48497,13424,2,Mpesa,BMKW6KN8EO,27-11-17,10:30,Kisii,Nairobi,shuttle,11
48629,13434,24A,Mpesa,CTH4OMKPPY,13-04-18,7:10,Homa Bay,Nairobi,Bus,49
48700,13439,4B,Mpesa,APF0EIUMKC,13-04-18,7:13,Kehancha,Nairobi,Bus,49
48881,13465,9B,Mpesa,NMKFNZA86X,13-04-18,7:05,Ndhiwa,Nairobi,Bus,49
48885,13464,1A,Mpesa,8MKDYLTFCG,13-04-18,7:05,Rongo,Nairobi,Bus,49
48952,13455,17A,Mpesa,HDPECRIXMK,13-04-18,7:04,Homa Bay,Nairobi,Bus,49
49006,13484,24A,Mpesa,ZT0RPMKAGT,14-04-18,7:12,Migori,Nairobi,Bus,49
49062,13484,1B,Mpesa,HMRSSKMKDZ,14-04-18,7:12,Migori,Nairobi,Bus,49
49380,13528,6,Mpesa,BJVPVMKMG8,27-11-17,9:30,Kisii,Nairobi,shuttle,11
49609,13553,21B,Mpesa,2LY8HMKFST,15-04-18,7:08,Awendo,Nairobi,Bus,49
49712,13568,18A,Mpesa,5F1Y93MKW4,15-04-18,23:10,Sori,Nairobi,Bus,49
49751,13566,10B,Mpesa,AOCCKESOMK,15-04-18,7:05,Ndhiwa,Nairobi,Bus,49
49779,13577,10,Mpesa,FMK962DFYG,27-11-17,9:00,Kisii,Nairobi,shuttle,11
49955,13608,15A,Mpesa,BKMKTGRUOZ,16-04-18,7:10,Homa Bay,Nairobi,Bus,49
50010,13613,15B,Mpesa,MKZIKARJHS,16-04-18,7:14,Nyachenge,Nairobi,Bus,49
50161,13614,6A,Mpesa,HIJEMKRFHZ,16-04-18,7:04,Homa Bay,Nairobi,Bus,49
50412,13668,19B,Mpesa,IMKJXCTSYJ,17-04-18,7:05,Rodi,Nairobi,Bus,49
50486,13644,12B,Mpesa,MKHAGSKZG7,17-04-18,7:09,Homa Bay,Nairobi,Bus,49
50761,13694,7B,Mpesa,VSMKE5CH3S,18-04-18,7:12,Migori,Nairobi,Bus,49
50787,13690,12B,Mpesa,MFPD5MKDXB,18-04-18,7:13,Awendo,Nairobi,Bus,49
50915,13715,9A,Mpesa,IPDQSMKB2P,18-04-18,7:05,Ndhiwa,Nairobi,Bus,49
50952,13735,5,Mpesa,HKVJMKYCH3,27-11-17,7:00,Kisii,Nairobi,shuttle,11
50966,13739,5A,Mpesa,0PD1FOMKSR,19-04-18,8:00,Awendo,Nairobi,Bus,49
51104,13747,3A,Mpesa,FMKNNJGZCF,19-04-18,7:09,Homa Bay,Nairobi,Bus,49
51252,13765,21A,Mpesa,OYKMKRNAXR,19-04-18,7:14,Rongo,Nairobi,Bus,49
51355,13786,6B,Mpesa,EWMKKT9H11,20-04-18,19:07,Sirare,Nairobi,Bus,49
51624,13813,7B,Mpesa,CTFSLKISMK,20-04-18,7:05,Ndhiwa,Nairobi,Bus,49
